numIndividuos,100
inertiaW,1.8887331840635494E-10
c1,0.5527051581877147
c2,0.04087246693840264
numIteraciones,1817
iteracionActual,692
