numIndividuos,100
inertiaW,0.5788776548822692
c1,0.7146637714595915
c2,0.2853362285404085
numIteraciones,14737
iteracionActual,4205
