numIndividuos,100
inertiaW,1.671987580839371E-13
c1,0.5060322781629744
c2,0.04648357150364578
numIteraciones,1817
iteracionActual,787
