numIndividuos,100
inertiaW,7.344465404124459E-49
c1,0.15623132471439405
c2,0.08853732361367855
numIteraciones,1817
iteracionActual,1499
