sir,pasajeros,companyia,conectividad,dineroT,dineroN,tasas,origen,destino,VuelosDesdeOrigen,areaInf,continente,capital,origenNombre,destinoNombre
0.28570779925776485,58,GDE,-1.0,50116.1965617116,15043.645875322409,343.63816704,AAL,AGP,18,Málaga,EU,false,Aalborg Airport,Málaga Airport
0.7375360513357437,103,TRA,58263.0,83641.06590992374,15323.791393003628,463.50736128,AMS,AGP,320,Málaga,EU,true,Amsterdam Airport Schiphol,Málaga Airport
0.7375360513357437,103,RYR,58263.0,83641.06590992374,15323.791393003628,463.50736128,AMS,AGP,320,Málaga,EU,true,Amsterdam Airport Schiphol,Málaga Airport
0.6215191443840539,87,EJU,58263.0,70648.27897245987,12943.396613507915,485.65424640000003,AMS,AGP,320,Málaga,EU,true,Amsterdam Airport Schiphol,Málaga Airport
0.6836710588224589,96,VLG,58263.0,77956.72162478331,14282.368676974245,519.170304,AMS,AGP,320,Málaga,EU,true,Amsterdam Airport Schiphol,Málaga Airport
0.7364608423563317,103,TRA,58263.0,83641.06590992374,15323.791393003628,463.50736128,AMS,ALC,320,Alicante,EU,true,Amsterdam Airport Schiphol,Alicante International Airport
