sir,pasajeros,companyia,conectividad,dineroT,dineroN,tasas,origen,destino,VuelosDesdeOrigen,areaInf
0.5495971994572407,103,TRA,58263,83641.06590992374,15323.791393003628,463.50736128,AMS,AGP,367,Málaga
0.5495971994572407,103,RYR,58263,83641.06590992374,15323.791393003628,463.50736128,AMS,AGP,367,Málaga
0.46382210126069867,87,EJU,58263,70648.27897245987,12943.396613507915,485.65424640000003,AMS,AGP,367,Málaga
0.5487933293663902,103,TRA,58263,83641.06590992374,15323.791393003628,463.50736128,AMS,ALC,367,Alicante