sir,pasajeros,companyia,conectividad,dineroT,dineroN,tasas,origen,destino,VuelosDesdeOrigen,areaInf
0.5896167901277846,103,RYR,5,77696.60577017942,15323.791393003628,463.50736128,ABZ,ALC,43,Alicante
0.5375506358163559,103,TRA,58263,83641.06590992374,15323.791393003628,463.50736128,AMS,AGP,346,Málaga
0.5367642196758261,103,TRA,58263,83641.06590992374,15323.791393003628,463.50736128,AMS,ALC,346,Alicante
0.4593539221212211,89,TRA,58263,72272.37733964286,13240.945960944875,459.45388455999995,AMS,BCN,346,Barcelona
0.5351947796040949,103,KLM,58263,83641.06590992374,15323.791393003628,488.62006149,AMS,BCN,346,Barcelona
0.4600269734799242,89,KLM,58263,72272.37733964286,13240.945960944875,459.45388455999995,AMS,BCN,346,Barcelona
0.4510068367450238,87,VLG,58263,70648.27897245987,12943.396613507915,511.9668587,AMS,BCN,346,Barcelona