"Personas afectadas","204477.8682959994"
"Personas restantes","477400.13170400064"
