"Personas afectadas","302166.5613326597"
"Personas restantes","379711.4386673403"
