"Personas afectadas","300619.1820011647"
"Personas restantes","381258.8179988353"
