"Personas afectadas","482626.2421085354"
"Personas restantes","199251.75789146457"
