"Personas afectadas","480884.5907298364"
"Personas restantes","200993.40927016363"
