numIndividuos,100
inertiaW,0.7230709961474959
c1,0.8926802421574023
c2,0.10731975784259769
numIteraciones,1817
iteracionActual,195
